{"training_loss": 0.24908095598220825, "_timestamp": 1740568694.449037, "_runtime": 405.28062105178833, "_step": 325, "_wandb": {"runtime": 404}}