{"training_loss": 0.2710641324520111, "_timestamp": 1741097439.1415849, "_runtime": 37.95970177650452, "_step": 80, "Batch accuracy": 0.55, "_wandb": {"runtime": 37}}