{"training_loss": 0.253842294216156, "_timestamp": 1741097749.8767848, "_runtime": 18.511282682418823, "_step": 3, "Batch accuracy": 0.45, "_wandb": {"runtime": 18}}