{"training_loss": 0.2553512752056122, "_timestamp": 1740579926.169887, "_runtime": 11102.864782094955, "_step": 5935, "validation_loss": 0.25539834707671283, "_wandb": {"runtime": 11101}}