{"training_loss": 0.2493910938501358, "_timestamp": 1741097778.996758, "_runtime": 11.757906913757324, "_step": 1, "Batch accuracy": 0.6, "_wandb": {"runtime": 12}}