{"training_loss": 0.23388457298278809, "_timestamp": 1741097689.611806, "_runtime": 133.3460898399353, "_step": 359, "Batch accuracy": 0.45, "_wandb": {"runtime": 132}}